{
    "imgWidth": 2048,
    "imgHeight": 1024,
    "sensor": {
        "sensor_T_ISO_8855": [
            [
                0.9990881051503779,
                -0.01948468779721943,
                -0.03799085532693703,
                -1.6501524664770573
            ],
            [
                0.019498764210995674,
                0.9998098810245096,
                0.0,
                -0.1331288872611436
            ],
            [
                0.03798363254444427,
                -0.0007407747301939942,
                0.9992780868764849,
                -1.2836173638418473
            ]
        ],
        "fx": 2262.52,
        "fy": 2265.3017905988554,
        "u0": 1096.98,
        "v0": 513.137,
        "baseline": 0.209313
    },
    "objects": [
        {
            "2d": {
                "modal": [
                    782,
                    424,
                    117,
                    84
                ],
                "amodal": [
                    778,
                    422,
                    125,
                    87
                ]
            },
            "3d": {
                "center": [
                    42.56,
                    3.86,
                    0.54
                ],
                "dimensions": [
                    4.3,
                    1.8,
                    1.49
                ],
                "rotation": [
                    0.005049665006688759,
                    0.004949668339977711,
                    -2.4999791667479343e-05,
                    0.9999750002083327
                ],
                "type": "Mid Size Car",
                "format": "CRS_ISO8855"
            },
            "occlusion": 0.0,
            "truncation": 0.0,
            "instanceId": 26003,
            "label": "car",
            "score": 1.0
        },
        {
            "2d": {
                "modal": [
                    1451,
                    446,
                    104,
                    66
                ],
                "amodal": [
                    1448,
                    443,
                    107,
                    71
                ]
            },
            "3d": {
                "center": [
                    41.19,
                    -7.76,
                    0.31
                ],
                "dimensions": [
                    1.8,
                    0.42,
                    1.2
                ],
                "rotation": [
                    0.7512301584253535,
                    -0.01357879219859308,
                    0.02144411796363699,
                    -0.6595521323439164
                ],
                "type": "Bicycle",
                "format": "CRS_ISO8855"
            },
            "occlusion": 0.4,
            "truncation": 0.0,
            "instanceId": 33000,
            "label": "bicycle",
            "score": 1.0
        }
    ],
    "ignore": [
        {
            "2d": [
                918,
                435,
                28,
                19
            ],
            "label": "car",
            "instanceId": 26000
        },
        {
            "2d": [
                980,
                436,
                16,
                12
            ],
            "label": "car",
            "instanceId": 26001
        },
        {
            "2d": [
                996,
                436,
                15,
                13
            ],
            "label": "car",
            "instanceId": 26002
        },
        {
            "2d": [
                1740,
                443,
                302,
                110
            ],
            "label": "fence",
            "instanceId": 13
        },
        {
            "2d": [
                6,
                393,
                50,
                43
            ],
            "label": "fence",
            "instanceId": 13
        },
        {
            "2d": [
                62,
                396,
                24,
                41
            ],
            "label": "fence",
            "instanceId": 13
        },
        {
            "2d": [
                127,
                400,
                21,
                41
            ],
            "label": "fence",
            "instanceId": 13
        },
        {
            "2d": [
                1679,
                444,
                63,
                95
            ],
            "label": "bicycle",
            "instanceId": 33
        },
        {
            "2d": [
                1375,
                443,
                77,
                60
            ],
            "label": "bicycle",
            "instanceId": 33
        },
        {
            "2d": [
                1641,
                456,
                35,
                83
            ],
            "label": "bicycle",
            "instanceId": 33
        },
        {
            "2d": [
                1611,
                471,
                18,
                40
            ],
            "label": "bicycle",
            "instanceId": 33
        },
        {
            "2d": [
                1590,
                471,
                10,
                39
            ],
            "label": "bicycle",
            "instanceId": 33
        },
        {
            "2d": [
                1552,
                472,
                9,
                36
            ],
            "label": "bicycle",
            "instanceId": 33
        },
        {
            "2d": [
                1613,
                455,
                24,
                13
            ],
            "label": "bicycle",
            "instanceId": 33
        },
        {
            "2d": [
                1555,
                453,
                12,
                16
            ],
            "label": "bicycle",
            "instanceId": 33
        },
        {
            "2d": [
                1585,
                456,
                17,
                10
            ],
            "label": "bicycle",
            "instanceId": 33
        },
        {
            "2d": [
                1578,
                481,
                8,
                19
            ],
            "label": "bicycle",
            "instanceId": 33
        },
        {
            "2d": [
                1567,
                473,
                6,
                22
            ],
            "label": "bicycle",
            "instanceId": 33
        },
        {
            "2d": [
                1024,
                434,
                48,
                20
            ],
            "label": "car",
            "instanceId": 26
        },
        {
            "2d": [
                944,
                433,
                36,
                21
            ],
            "label": "car",
            "instanceId": 26
        }
    ]
}