{
    "imgWidth": 2048,
    "imgHeight": 1024,
    "sensor": {
        "sensor_T_ISO_8855": [
            [
                0.9990881051503779,
                -0.01948468779721943,
                -0.03799085532693703,
                -1.6501524664770573
            ],
            [
                0.019498764210995674,
                0.9998098810245096,
                0.0,
                -0.1331288872611436
            ],
            [
                0.03798363254444427,
                -0.0007407747301939942,
                0.9992780868764849,
                -1.2836173638418473
            ]
        ],
        "fx": 2262.52,
        "fy": 2265.3017905988554,
        "u0": 1096.98,
        "v0": 513.137,
        "baseline": 0.209313
    },
    "objects": [
        {
            "2d": {
                "modal": [
                    736,
                    415,
                    210,
                    173
                ],
                "amodal": [
                    687,
                    406,
                    267,
                    187
                ]
            },
            "3d": {
                "center": [
                    17.71,
                    1.74,
                    0.72
                ],
                "dimensions": [
                    1.8,
                    0.42,
                    1.24
                ],
                "rotation": [
                    0.6367685306833081,
                    0.011191616744376182,
                    0.00995622922160988,
                    -0.7709095015277441
                ],
                "type": "Bicycle",
                "format": "CRS_ISO8855"
            },
            "occlusion": 0.4,
            "truncation": 0.0,
            "instanceId": 33000,
            "label": "bicycle",
            "score": 1.0
        },
        {
            "2d": {
                "modal": [
                    387,
                    418,
                    177,
                    154
                ],
                "amodal": [
                    372,
                    416,
                    246,
                    162
                ]
            },
            "3d": {
                "center": [
                    19.35,
                    4.42,
                    0.68
                ],
                "dimensions": [
                    1.8,
                    0.42,
                    1.2
                ],
                "rotation": [
                    0.6708443231119591,
                    0.008184099324393719,
                    0.005787646245349887,
                    -0.7415304564329404
                ],
                "type": "Bicycle",
                "format": "CRS_ISO8855"
            },
            "occlusion": 0.4,
            "truncation": 0.0,
            "instanceId": 33001,
            "label": "bicycle",
            "score": 1.0
        }
    ],
    "ignore": [
        {
            "2d": [
                409,
                417,
                135,
                58
            ],
            "label": "bus",
            "instanceId": 28000
        },
        {
            "2d": [
                1105,
                446,
                221,
                28
            ],
            "label": "fence",
            "instanceId": 13
        },
        {
            "2d": [
                1062,
                451,
                32,
                25
            ],
            "label": "fence",
            "instanceId": 13
        },
        {
            "2d": [
                1429,
                444,
                29,
                3
            ],
            "label": "fence",
            "instanceId": 13
        },
        {
            "2d": [
                1034,
                455,
                28,
                29
            ],
            "label": "bicycle",
            "instanceId": 33
        }
    ]
}