{
    "imgWidth": 2048,
    "imgHeight": 1024,
    "sensor": {
        "sensor_T_ISO_8855": [
            [
                0.9990881051503779,
                -0.01948468779721943,
                -0.03799085532693703,
                -1.6501524664770573
            ],
            [
                0.019498764210995674,
                0.9998098810245096,
                0.0,
                -0.1331288872611436
            ],
            [
                0.03798363254444427,
                -0.0007407747301939942,
                0.9992780868764849,
                -1.2836173638418473
            ]
        ],
        "fx": 2262.52,
        "fy": 2265.3017905988554,
        "u0": 1096.98,
        "v0": 513.137,
        "baseline": 0.209313
    },
    "objects": [
        {
            "2d": {
                "modal": [
                    1081,
                    438,
                    122,
                    99
                ],
                "amodal": [
                    1078,
                    435,
                    127,
                    103
                ]
            },
            "3d": {
                "center": [
                    36.41,
                    -1.23,
                    0.27
                ],
                "dimensions": [
                    4.3,
                    1.8,
                    1.45
                ],
                "rotation": [
                    0.9997040293985708,
                    0.009797860099408978,
                    0.019996666893325243,
                    -0.009797390208153173
                ],
                "type": "Mid Size Car",
                "format": "CRS_ISO8855"
            },
            "occlusion": 0.0,
            "truncation": 0.0,
            "instanceId": 26003,
            "label": "car",
            "score": 1.0
        },
        {
            "2d": {
                "modal": [
                    1334,
                    476,
                    21,
                    20
                ],
                "amodal": [
                    1322,
                    475,
                    33,
                    21
                ]
            },
            "3d": {
                "center": [
                    165.16,
                    -20.64,
                    -3.03
                ],
                "dimensions": [
                    4.3,
                    1.8,
                    1.45
                ],
                "rotation": [
                    0.9915494992169386,
                    0.0006481680123905449,
                    0.0049577888110604595,
                    -0.129632522196288
                ],
                "type": "Mid Size Car",
                "format": "CRS_ISO8855"
            },
            "occlusion": 0.1,
            "truncation": 0.0,
            "instanceId": 26006,
            "label": "car",
            "score": 1.0
        },
        {
            "2d": {
                "modal": [
                    1240,
                    483,
                    62,
                    20
                ],
                "amodal": [
                    1232,
                    479,
                    79,
                    30
                ]
            },
            "3d": {
                "center": [
                    129.44,
                    -12.31,
                    -2.58
                ],
                "dimensions": [
                    4.1,
                    1.8,
                    1.49
                ],
                "rotation": [
                    0.5853030422621383,
                    0.013416754954481809,
                    0.014830285095115858,
                    -0.8105679502973049
                ],
                "type": "Mid Size Car",
                "format": "CRS_ISO8855"
            },
            "occlusion": 0.7,
            "truncation": 0.0,
            "instanceId": 26001,
            "label": "car",
            "score": 1.0
        }
    ],
    "ignore": [
        {
            "2d": [
                1068,
                497,
                14,
                14
            ],
            "label": "car",
            "instanceId": 26000
        },
        {
            "2d": [
                922,
                496,
                19,
                16
            ],
            "label": "car",
            "instanceId": 26002
        },
        {
            "2d": [
                941,
                499,
                19,
                11
            ],
            "label": "car",
            "instanceId": 26004
        },
        {
            "2d": [
                1240,
                487,
                50,
                15
            ],
            "label": "car",
            "instanceId": 26005
        },
        {
            "2d": [
                1594,
                439,
                448,
                101
            ],
            "label": "fence",
            "instanceId": 13
        },
        {
            "2d": [
                6,
                449,
                691,
                60
            ],
            "label": "fence",
            "instanceId": 13
        },
        {
            "2d": [
                1360,
                452,
                216,
                47
            ],
            "label": "fence",
            "instanceId": 13
        },
        {
            "2d": [
                708,
                473,
                172,
                31
            ],
            "label": "fence",
            "instanceId": 13
        },
        {
            "2d": [
                1510,
                511,
                25,
                1
            ],
            "label": "fence",
            "instanceId": 13
        },
        {
            "2d": [
                840,
                509,
                19,
                0
            ],
            "label": "fence",
            "instanceId": 13
        },
        {
            "2d": [
                1339,
                465,
                60,
                27
            ],
            "label": "car",
            "instanceId": 26
        }
    ]
}