{
    "imgWidth": 2048,
    "imgHeight": 1024,
    "sensor": {
        "sensor_T_ISO_8855": [
            [
                0.9990881051503779,
                -0.01948468779721943,
                -0.03799085532693703,
                -1.6501524664770573
            ],
            [
                0.019498764210995674,
                0.9998098810245096,
                0.0,
                -0.1331288872611436
            ],
            [
                0.03798363254444427,
                -0.0007407747301939942,
                0.9992780868764849,
                -1.2836173638418473
            ]
        ],
        "fx": 2262.52,
        "fy": 2265.3017905988554,
        "u0": 1096.98,
        "v0": 513.137,
        "baseline": 0.209313
    },
    "objects": [
        {
            "2d": {
                "modal": [
                    1097,
                    459,
                    169,
                    109
                ],
                "amodal": [
                    1097,
                    454,
                    172,
                    121
                ]
            },
            "3d": {
                "center": [
                    28.05,
                    -1.35,
                    0.17
                ],
                "dimensions": [
                    4.13,
                    1.81,
                    1.24
                ],
                "rotation": [
                    0.9995220706035685,
                    -0.015193958956599394,
                    0.024843623957110816,
                    -0.010371515620112197
                ],
                "type": "Sports Car",
                "format": "CRS_ISO8855"
            },
            "occlusion": 0.1,
            "truncation": 0.0,
            "instanceId": 26008,
            "label": "car",
            "score": 1.0
        },
        {
            "2d": {
                "modal": [
                    761,
                    466,
                    137,
                    74
                ],
                "amodal": [
                    755,
                    464,
                    146,
                    77
                ]
            },
            "3d": {
                "center": [
                    48.65,
                    4.69,
                    -0.33
                ],
                "dimensions": [
                    4.7,
                    1.82,
                    1.5
                ],
                "rotation": [
                    0.9963184962165677,
                    0.0008847915252378619,
                    0.010399698587266526,
                    -0.08509123051178108
                ],
                "type": "SUV",
                "format": "CRS_ISO8855"
            },
            "occlusion": 0.1,
            "truncation": 0.0,
            "instanceId": 26004,
            "label": "car",
            "score": 1.0
        },
        {
            "2d": {
                "modal": [
                    976,
                    472,
                    57,
                    44
                ],
                "amodal": [
                    971,
                    472,
                    58,
                    45
                ]
            },
            "3d": {
                "center": [
                    76.27,
                    1.79,
                    -1.02
                ],
                "dimensions": [
                    4.3,
                    1.8,
                    1.45
                ],
                "rotation": [
                    6.248834349219547e-17,
                    -0.014999437506328097,
                    1.1102230246251565e-16,
                    -0.9998875021093593
                ],
                "type": "Mid Size Car",
                "format": "CRS_ISO8855"
            },
            "occlusion": 0.1,
            "truncation": 0.0,
            "instanceId": 26005,
            "label": "car",
            "score": 1.0
        },
        {
            "2d": {
                "modal": [
                    894,
                    475,
                    26,
                    39
                ],
                "amodal": [
                    884,
                    473,
                    59,
                    45
                ]
            },
            "3d": {
                "center": [
                    68.26,
                    4.15,
                    -0.82
                ],
                "dimensions": [
                    4.0,
                    1.65,
                    1.29
                ],
                "rotation": [
                    0.019994667093317126,
                    -0.01998966796825583,
                    0.0005998700108498234,
                    -0.9996000533304891
                ],
                "type": "Small Size Car",
                "format": "CRS_ISO8855"
            },
            "occlusion": 0.4,
            "truncation": 0.0,
            "instanceId": 26000,
            "label": "car",
            "score": 1.0
        },
        {
            "2d": {
                "modal": [
                    869,
                    472,
                    41,
                    52
                ],
                "amodal": [
                    829,
                    470,
                    76,
                    55
                ]
            },
            "3d": {
                "center": [
                    61.76,
                    4.98,
                    -0.63
                ],
                "dimensions": [
                    4.3,
                    1.8,
                    1.33
                ],
                "rotation": [
                    0.9996413079969477,
                    -0.014745744525088221,
                    0.009699038232330426,
                    0.020143163155776165
                ],
                "type": "Mid Size Car",
                "format": "CRS_ISO8855"
            },
            "occlusion": 0.6,
            "truncation": 0.0,
            "instanceId": 26001,
            "label": "car",
            "score": 1.0
        },
        {
            "2d": {
                "modal": [
                    1320,
                    439,
                    66,
                    122
                ],
                "amodal": [
                    1297,
                    454,
                    81,
                    111
                ]
            },
            "3d": {
                "center": [
                    26.11,
                    -3.01,
                    0.32
                ],
                "dimensions": [
                    2.2,
                    0.72,
                    1.08
                ],
                "rotation": [
                    0.07365214651661658,
                    0.016600037027074323,
                    -0.049864130127658446,
                    0.9958982722200125
                ],
                "type": "Motorbike",
                "format": "CRS_ISO8855"
            },
            "occlusion": 0.1,
            "truncation": 0.0,
            "instanceId": 32000,
            "label": "motorcycle",
            "score": 1.0
        }
    ],
    "ignore": [
        {
            "2d": [
                822,
                463,
                63,
                20
            ],
            "label": "car",
            "instanceId": 26002
        },
        {
            "2d": [
                1071,
                467,
                18,
                42
            ],
            "label": "car",
            "instanceId": 26003
        },
        {
            "2d": [
                1081,
                459,
                50,
                77
            ],
            "label": "car",
            "instanceId": 26006
        },
        {
            "2d": [
                1084,
                459,
                55,
                71
            ],
            "label": "car",