{
    "imgWidth": 2048,
    "imgHeight": 1024,
    "sensor": {
        "sensor_T_ISO_8855": [
            [
                0.9990881051503779,
                -0.01948468779721943,
                -0.03799085532693703,
                -1.6501524664770573
            ],
            [
                0.019498764210995674,
                0.9998098810245096,
                0.0,
                -0.1331288872611436
            ],
            [
                0.03798363254444427,
                -0.0007407747301939942,
                0.9992780868764849,
                -1.2836173638418473
            ]
        ],
        "fx": 2262.52,
        "fy": 2265.3017905988554,
        "u0": 1096.98,
        "v0": 513.137,
        "baseline": 0.209313
    },
    "objects": [
        {
            "2d": {
                "modal": [
                    197,
                    405,
                    75,
                    42
                ],
                "amodal": [
                    144,
                    400,
                    128,
                    55
                ]
            },
            "3d": {
                "center": [
                    70.71,
                    25.6,
                    1.19
                ],
                "dimensions": [
                    3.5,
                    1.8,
                    1.51
                ],
                "rotation": [
                    0.5853030422621383,
                    0.01170762190312521,
                    -0.016213520866378506,
                    0.8105679502973052
                ],
                "type": "Mid Size Car",
                "format": "CRS_ISO8855"
            },
            "occlusion": 0.6,
            "truncation": 0.0,
            "instanceId": 26001,
            "label": "car",
            "score": 1.0
        },
        {
            "2d": {
                "modal": [
                    6,
                    362,
                    113,
                    78
                ],
                "amodal": [
                    0,
                    356,
                    126,
                    95
                ]
            },
            "3d": {
                "center": [
                    68.82,
                    30.22,
                    1.87
                ],
                "dimensions": [
                    5.24,
                    1.85,
                    2.56
                ],
                "rotation": [
                    0.5812937694027662,
                    0.012204248007006145,
                    -0.00872006055539365,
                    0.8135555116450368
                ],
                "type": "Large Van",
                "format": "CRS_ISO8855"
            },
            "occlusion": 0.1,
            "truncation": 0.3,
            "instanceId": 26000,
            "label": "car",
            "score": 1.0
        },
        {
            "2d": {
                "modal": [
                    1005,
                    454,
                    52,
                    29
                ],
                "amodal": [
                    1006,
                    450,
                    56,
                    37
                ]
            },
            "3d": {
                "center": [
                    77.2,
                    0.68,
                    -0.19
                ],
                "dimensions": [
                    4.0,
                    1.59,
                    1.17
                ],
                "rotation": [
                    0.9994375864786006,
                    -0.0002999687512765343,
                    0.014996437718821531,
                    -0.02999212577199415
                ],
                "type": "Small Size Car",
                "format": "CRS_ISO8855"
            },
            "occlusion": 0.2,
            "truncation": 0.0,
            "instanceId": 26002,
            "label": "car",
            "score": 1.0
        },
        {
            "2d": {
                "modal": [
                    855,
                    450,
                    62,
                    30
                ],
                "amodal": [
                    852,
                    449,
                    61,
                    34
                ]
            },
            "3d": {
                "center": [
                    86.77,
                    6.45,
                    -0.26
                ],
                "dimensions": [
                    3.9,
                    1.54,
                    1.17
                ],
                "rotation": [
                    0.9979753718739731,
                    0.014898028531462694,
                    0.014804778042946443,
                    -0.06003352751570762
                ],
                "type": "Mid Size Car",
                "format": "CRS_ISO8855"
            },
            "occlusion": 0.7,
            "truncation": 0.0,
            "instanceId": 26004,
            "label": "car",
            "score": 1.0
        },
        {
            "2d": {
                "modal": [
                    620,
                    407,
                    76,
                    125
                ],
                "amodal": [
                    611,
                    429,
                    86,
                    105
                ]
            },
            "3d": {
                "center": [
                    28.75,
                    4.82,
                    0.59
                ],
                "dimensions": [
                    2.2,
                    0.8,
                    1.16
                ],
                "rotation": [
                    0.04997402671377277,
                    -0.0009501821573082508,
                    0.02498562896170431,
                    -0.9984374853506188
                ],
                "type": "Motorbike",
                "format": "CRS_ISO8855"
            },
            "occlusion": 0.1,
            "truncation": 0.0,
            "instanceId": 32000,
            "label": "motorcycle",
            "score": 1.0
        }
    ],
    "ignore": [
        {
            "2d": [
                1078,
                454,
                20,
                35
            ],
            "label": "motorcycle",
            "instanceId": 32001
        },
        {
            "2d": [
                910,
                463,
                18,
                15
            ],
            "label": "car",
            "instanceId": 26003
        }
    ]
}