{
    "imgWidth": 2048,
    "imgHeight": 1024,
    "sensor": {
        "sensor_T_ISO_8855": [
            [
                0.9990881051503779,
                -0.01948468779721943,
                -0.03799085532693703,
                -1.6501524664770573
            ],
            [
                0.019498764210995674,
                0.9998098810245096,
                0.0,
                -0.1331288872611436
            ],
            [
                0.03798363254444427,
                -0.0007407747301939942,
                0.9992780868764849,
                -1.2836173638418473
            ]
        ],
        "fx": 2262.52,
        "fy": 2265.3017905988554,
        "u0": 1096.98,
        "v0": 513.137,
        "baseline": 0.209313
    },
    "objects": [
        {
            "2d": {
                "modal": [
                    1433,
                    391,
                    316,
                    320
                ],
                "amodal": [
                    1422,
                    387,
                    561,
                    338
                ]
            },
            "3d": {
                "center": [
                    13.12,
                    -2.93,
                    0.66
                ],
                "dimensions": [
                    4.3,
                    1.8,
                    1.39
                ],
                "rotation": [
                    0.9996750252073243,
                    0.00017498354242150707,
                    0.00499841677957924,
                    -0.024996583510411324
                ],
                "type": "Mid Size Car",
                "format": "CRS_ISO8855"
            },
            "occlusion": 0.7,
            "truncation": 0.0,
            "instanceId": 26012,
            "label": "car",
            "score": 1.0
        },
        {
            "2d": {
                "modal": [
                    1622,
                    276,
                    420,
                    661
                ],
                "amodal": [
                    1588,
                    267,
                    459,
                    736
                ]
            },
            "3d": {
                "center": [
                    8.64,
                    -2.79,
                    0.79
                ],
                "dimensions": [
                    4.0,
                    1.65,
                    1.63
                ],
                "rotation": [
                    0.9997500233320974,
                    4.9998333355555174e-05,
                    -0.009999583340416951,
                    -0.019997416849576132
                ],
                "type": "Small Size Car",
                "format": "CRS_ISO8855"
            },
            "occlusion": 0.0,
            "truncation": 0.4,
            "instanceId": 26013,
            "label": "car",
            "score": 1.0
        },
        {
            "2d": {
                "modal": [
                    1283,
                    385,
                    178,
                    166
                ],
                "amodal": [
                    1286,
                    381,
                    215,
                    177
                ]
            },
            "3d": {
                "center": [
                    26.73,
                    -3.58,
                    0.76
                ],
                "dimensions": [
                    4.35,
                    1.8,
                    1.74
                ],
                "rotation": [
                    0.9997621447300058,
                    0.015022559609005663,
                    0.004774373873781768,
                    -0.01507255856734694
                ],
                "type": "Box Wagon",
                "format": "CRS_ISO8855"
            },
            "occlusion": 0.7,
            "truncation": 0.0,
            "instanceId": 26010,
            "label": "car",
            "score": 1.0
        },
        {
            "2d": {
                "modal": [
                    1340,
                    399,
                    206,
                    217
                ],
                "amodal": [
                    1334,
                    391,
                    360,
                    242
                ]
            },
            "3d": {
                "center": [
                    18.14,
                    -3.09,
                    0.64
                ],
                "dimensions": [
                    4.3,
                    1.8,
                    1.45
                ],
                "rotation": [
                    0.9995263224847519,
                    0.024943353143800487,
                    0.009621143136507637,
                    -0.015244454690064638
                ],
                "type": "Mid Size Car",
                "format": "CRS_ISO8855"
            },
            "occlusion": 0.8,
            "truncation": 0.0,
            "instanceId": 26011,
            "label": "car",
            "score": 1.0
        },
        {
            "2d": {
                "modal": [
                    1208,
                    426,
                    52,
                    82
                ],
                "amodal": [
                    1210,
                    423,
                    113,
                    88
                ]
            },
            "3d": {
                "center": [
                    40.56,
                    -3.53,
                    0.56
                ],
                "dimensions": [
                    4.0,
                    1.65,
                    1.41
                ],
                "rotation": [
                    0.9998375081508722,
                    0.009999708336510399,
                    -4.999895834145729e-05,
                    -0.014998687540702507
                ],
                "type": "Small Size Car",
                "format": "CRS_ISO8855"
            },
            "occlusion": 0.8,
            "truncation": 0.0,
            "instanceId": 26007,
            "label": "car",
            "score": 1.0
        },
        {
            "2d": {
                "modal": [
                    1238,
                    414,
                    77,
                    107
                ],
                "amodal": [
                    1238,
                    411,
                    145,
                    110
                ]
            },
            "3d": {
                "center": [
                    35.05,
                    -3.64,
                    0.65
                ],
                "dimensions": [
                    4.35,
                    1.8,
                    1.5
                ],
                "rotation": [
                    0.9997752618684523,
                    0.005099658340252711,
                    0.004948918383726797,
                    -0.01997316818914391
                ],
                "type": "Box Wagon",
                "format": "CRS_ISO8855"
            },
            "occlusion": 0.8,
            "truncation": 0.0,
            "instanceId": 26008,
            "label": "car",
            "score": 1.0
        },
        {
            "2d": {
                "modal": [
                    1163,
                    420,
                    91,
                    69
                ],
                "amodal": [
                    1162,
                    418,
                    110,
                    73
                ]
            },
            "3d": {
                "center": [
                    54.91,
                    -3.73,
                    0.59
                ],
                "dimensions": [
                    4.3,
                    1.8,
                    1.61
                ],