{
    "imgWidth": 2048,
    "imgHeight": 1024,
    "sensor": {
        "sensor_T_ISO_8855": [
            [
                0.9990881051503779,
                -0.01948468779721943,
                -0.03799085532693703,
                -1.6501524664770573
            ],
            [
                0.019498764210995674,
                0.9998098810245096,
                0.0,
                -0.1331288872611436
            ],
            [
                0.03798363254444427,
                -0.0007407747301939942,
                0.9992780868764849,
                -1.2836173638418473
            ]
        ],
        "fx": 2262.52,
        "fy": 2265.3017905988554,
        "u0": 1096.98,
        "v0": 513.137,
        "baseline": 0.209313
    },
    "objects": [
        {
            "2d": {
                "modal": [
                    836,
                    400,
                    107,
                    88
                ],
                "amodal": [
                    814,
                    398,
                    128,
                    93
                ]
            },
            "3d": {
                "center": [
                    41.75,
                    3.12,
                    0.94
                ],
                "dimensions": [
                    4.0,
                    1.65,
                    1.47
                ],
                "rotation": [
                    0.9992152303612235,
                    0.02478343319783044,
                    -0.005744655458808423,
                    -0.030359574877699833
                ],
                "type": "Small Size Car",
                "format": "CRS_ISO8855"
            },
            "occlusion": 0.1,
            "truncation": 0.0,
            "instanceId": 26007,
            "label": "car",
            "score": 1.0
        },
        {
            "2d": {
                "modal": [
                    1340,
                    418,
                    117,
                    96
                ],
                "amodal": [
                    1336,
                    417,
                    143,
                    99
                ]
            },
            "3d": {
                "center": [
                    36.42,
                    -5.29,
                    0.64
                ],
                "dimensions": [
                    4.7,
                    1.81,
                    1.41
                ],
                "rotation": [
                    0.9991853693412946,
                    -0.005042087787389634,
                    0.00030362885256574046,
                    -0.04003851713743285
                ],
                "type": "Sedan",
                "format": "CRS_ISO8855"
            },
            "occlusion": 0.2,
            "truncation": 0.0,
            "instanceId": 26013,
            "label": "car",
            "score": 1.0
        },
        {
            "2d": {
                "modal": [
                    1714,
                    416,
                    237,
                    129
                ],
                "amodal": [
                    1706,
                    413,
                    262,
                    134
                ]
            },
            "3d": {
                "center": [
                    29.17,
                    -9.36,
                    0.6
                ],
                "dimensions": [
                    4.3,
                    1.8,
                    1.49
                ],
                "rotation": [
                    0.9998643549355413,
                    0.0052681898402900116,
                    0.004716964957665715,
                    -0.01487508476373694
                ],
                "type": "Mid Size Car",
                "format": "CRS_ISO8855"
            },
            "occlusion": 0.0,
            "truncation": 0.0,
            "instanceId": 26016,
            "label": "car",
            "score": 1.0
        },
        {
            "2d": {
                "modal": [
                    143,
                    354,
                    446,
                    262
                ],
                "amodal": [
                    96,
                    343,
                    503,
                    282
                ]
            },
            "3d": {
                "center": [
                    15.83,
                    4.21,
                    0.91
                ],
                "dimensions": [
                    4.7,
                    1.81,
                    1.37
                ],
                "rotation": [
                    0.9993677460370107,
                    0.024720384013481162,
                    0.003408474611373502,
                    0.025325739790870612
                ],
                "type": "Sedan",
                "format": "CRS_ISO8855"
            },
            "occlusion": 0.0,
            "truncation": 0.0,
            "instanceId": 26010,
            "label": "car",
            "score": 1.0
        },
        {
            "2d": {
                "modal": [
                    683,
                    392,
                    163,
                    115
                ],
                "amodal": [
                    624,
                    386,
                    232,
                    123
                ]
            },
            "3d": {
                "center": [
                    31.73,
                    4.13,
                    0.94
                ],
                "dimensions": [
                    4.3,
                    1.8,
                    1.43
                ],
                "rotation": [
                    0.9965742288150066,
                    0.02061177259268078,
                    0.003906693354749358,
                    -0.07999811897409931
                ],
                "type": "Mid Size Car",
                "format": "CRS_ISO8855"
            },
            "occlusion": 0.2,
            "truncation": 0.0,
            "instanceId": 26008,
            "label": "car",
            "score": 1.0
        },
        {
            "2d": {
                "modal": [
                    516,
                    377,
                    215,
                    181
                ],
                "amodal": [
                    427,
                    378,
                    312,
                    186
                ]
            },
            "3d": {
                "center": [
                    21.23,
                    3.99,
                    0.88
                ],
                "dimensions": [
                    4.0,
                    1.65,
                    1.43
                ],
                "rotation": [
                    0.9996875087769215,
                    4.999895834123261e-05,
                    -1.1102230246251565e-16,
                    -0.0249976457990972
                ],
                "type": "Small Size Car",
                "format": "CRS_ISO8855"
            },
            "occlusion": 0.3,
            "truncation": 0.0,
            "instanceId": 26009,
            "label": "car",
            "score": 1.0
        },
        {
            "2d": {
                "modal": [
                    1418,
                    409,
                    299,
                    204
                ],
                "amodal": [
                    1420,
                    404,
                    315,
                    213
                ]
            },
            "3d": {
                "center": [
                    18.79,
                    -3.74,
                    0.66
                ],
                "dimensions": [
                    4.0,
                    1.67,
                    1.41
                ],