{
    "imgWidth": 2048,
    "imgHeight": 1024,
    "sensor": {
        "sensor_T_ISO_8855": [
            [
                0.9990881051503779,
                -0.01948468779721943,
                -0.03799085532693703,
                -1.6501524664770573
            ],
            [
                0.019498764210995674,
                0.9998098810245096,
                0.0,
                -0.1331288872611436
            ],
            [
                0.03798363254444427,
                -0.0007407747301939942,
                0.9992780868764849,
                -1.2836173638418473
            ]
        ],
        "fx": 2262.52,
        "fy": 2265.3017905988554,
        "u0": 1096.98,
        "v0": 513.137,
        "baseline": 0.209313
    },
    "objects": [
        {
            "2d": {
                "modal": [
                    928,
                    395,
                    326,
                    251
                ],
                "amodal": [
                    920,
                    388,
                    345,
                    266
                ]
            },
            "3d": {
                "center": [
                    15.67,
                    -0.1,
                    0.71
                ],
                "dimensions": [
                    4.7,
                    1.75,
                    1.33
                ],
                "rotation": [
                    0.9999375010677003,
                    0.010049204813674249,
                    0.004899483768687096,
                    4.99989583411774e-05
                ],
                "type": "Sedan",
                "format": "CRS_ISO8855"
            },
            "occlusion": 0.0,
            "truncation": 0.0,
            "instanceId": 26011,
            "label": "car",
            "score": 1.0
        },
        {
            "2d": {
                "modal": [
                    644,
                    407,
                    16,
                    51
                ],
                "amodal": [
                    582,
                    407,
                    77,
                    53
                ]
            },
            "3d": {
                "center": [
                    66.14,
                    12.3,
                    1.05
                ],
                "dimensions": [
                    4.3,
                    1.8,
                    1.45
                ],
                "rotation": [
                    0.05489656345726517,
                    0.005258189050159638,
                    -0.004567280873068902,
                    -0.9984677554703115
                ],
                "type": "Mid Size Car",
                "format": "CRS_ISO8855"
            },
            "occlusion": 0.7,
            "truncation": 0.0,
            "instanceId": 26007,
            "label": "car",
            "score": 1.0
        },
        {
            "2d": {
                "modal": [
                    474,
                    393,
                    90,
                    86
                ],
                "amodal": [
                    416,
                    392,
                    153,
                    96
                ]
            },
            "3d": {
                "center": [
                    43.77,
                    10.37,
                    1.01
                ],
                "dimensions": [
                    4.7,
                    1.9,
                    1.66
                ],
                "rotation": [
                    0.0299951252595243,
                    0.004990981903857432,
                    0.0002998187831488863,
                    -0.9995375393995957
                ],
                "type": "SUV",
                "format": "CRS_ISO8855"
            },
            "occlusion": 0.5,
            "truncation": 0.0,
            "instanceId": 26009,
            "label": "car",
            "score": 1.0
        },
        {
            "2d": {
                "modal": [
                    557,
                    409,
                    29,
                    67
                ],
                "amodal": [
                    496,
                    405,
                    104,
                    71
                ]
            },
            "3d": {
                "center": [
                    49.42,
                    10.64,
                    0.95
                ],
                "dimensions": [
                    4.0,
                    1.65,
                    1.39
                ],
                "rotation": [
                    0.0500259221368666,
                    0.00448770771873927,
                    0.010336906599017204,
                    -0.9986843425005475
                ],
                "type": "Small Size Car",
                "format": "CRS_ISO8855"
            },
            "occlusion": 0.6,
            "truncation": 0.0,
            "instanceId": 26008,
            "label": "car",
            "score": 1.0
        },
        {
            "2d": {
                "modal": [
                    890,
                    406,
                    27,
                    32
                ],
                "amodal": [
                    891,
                    406,
                    47,
                    33
                ]
            },
            "3d": {
                "center": [
                    115.04,
                    6.99,
                    1.41
                ],
                "dimensions": [
                    4.3,
                    1.8,
                    1.55
                ],
                "rotation": [
                    0.9958805216258103,
                    -0.014895282914225936,
                    -0.002101023631610577,
                    0.08941869431449263
                ],
                "type": "Mid Size Car",
                "format": "CRS_ISO8855"
            },
            "occlusion": 0.5,
            "truncation": 0.0,
            "instanceId": 26004,
            "label": "car",
            "score": 1.0
        },
        {
            "2d": {
                "modal": [
                    858,
                    407,
                    32,
                    29
                ],
                "amodal": [
                    860,
                    407,
                    48,
                    29
                ]
            },
            "3d": {
                "center": [
                    119.42,
                    8.86,
                    1.48
                ],
                "dimensions": [
                    4.7,
                    1.9,
                    1.48
                ],
                "rotation": [
                    0.9944925627484973,
                    0.0,
                    -1.5612511283791264e-17,
                    0.10480716882888234
                ],
                "type": "SUV",
                "format": "CRS_ISO8855"
            },
            "occlusion": 0.3,
            "truncation": 0.0,
            "instanceId": 26002,
            "label": "car",
            "score": 1.0
        },
        {
            "2d": {
                "modal": [
                    845,
                    411,
                    20,
                    23
                ],
                "amodal": [
                    845,
                    410,
                    40,
                    25
                ]
            },
            "3d": {
                "center": [
                    124.34,
                    10.25,
                    1.45
                ],
                "dimensions": [
                    4.0,
                    1.65,
                    1.31
                ],
                "rotation": [
                    0.9944470672702969,
                    -0.009496300478345533,
                    -0.0057268785260393695,
                    0.10465205940199307
                ],