{
    "imgWidth": 2048,
    "imgHeight": 1024,
    "sensor": {
        "sensor_T_ISO_8855": [
            [
                0.9990881051503779,
                -0.01948468779721943,
                -0.03799085532693703,
                -1.6501524664770573
            ],
            [
                0.019498764210995674,
                0.9998098810245096,
                0.0,
                -0.1331288872611436
            ],
            [
                0.03798363254444427,
                -0.0007407747301939942,
                0.9992780868764849,
                -1.2836173638418473
            ]
        ],
        "fx": 2262.52,
        "fy": 2265.3017905988554,
        "u0": 1096.98,
        "v0": 513.137,
        "baseline": 0.209313
    },
    "objects": [
        {
            "2d": {
                "modal": [
                    6,
                    335,
                    231,
                    412
                ],
                "amodal": [
                    0,
                    325,
                    251,
                    472
                ]
            },
            "3d": {
                "center": [
                    10.83,
                    4.54,
                    0.85
                ],
                "dimensions": [
                    4.7,
                    1.81,
                    1.37
                ],
                "rotation": [
                    0.11474525406304711,
                    0.004966953225872277,
                    0.0005737310514148941,
                    -0.9933823669052813
                ],
                "type": "Sedan",
                "format": "CRS_ISO8855"
            },
            "occlusion": 0.0,
            "truncation": 0.5,
            "instanceId": 26003,
            "label": "car",
            "score": 1.0
        },
        {
            "2d": {
                "modal": [
                    416,
                    380,
                    213,
                    153
                ],
                "amodal": [
                    413,
                    377,
                    213,
                    157
                ]
            },
            "3d": {
                "center": [
                    24.55,
                    5.52,
                    0.96
                ],
                "dimensions": [
                    4.0,
                    1.55,
                    1.43
                ],
                "rotation": [
                    0.17902957342582426,
                    0.0,
                    0.0,
                    -0.9838436927881214
                ],
                "type": "Small Size Car",
                "format": "CRS_ISO8855"
            },
            "occlusion": 0.0,
            "truncation": 0.0,
            "instanceId": 26002,
            "label": "car",
            "score": 1.0
        },
        {
            "2d": {
                "modal": [
                    316,
                    403,
                    111,
                    89
                ],
                "amodal": [
                    302,
                    402,
                    135,
                    92
                ]
            },
            "3d": {
                "center": [
                    36.13,
                    10.48,
                    0.94
                ],
                "dimensions": [
                    4.7,
                    1.57,
                    1.29
                ],
                "rotation": [
                    0.18394423420116238,
                    0.004914660775338203,
                    0.0009197288354254596,
                    -0.9829239639526959
                ],
                "type": "Sedan",
                "format": "CRS_ISO8855"
            },
            "occlusion": 0.2,
            "truncation": 0.0,
            "instanceId": 26000,
            "label": "car",
            "score": 1.0
        },
        {
            "2d": {
                "modal": [
                    131,
                    336,
                    189,
                    199
                ],
                "amodal": [
                    96,
                    330,
                    226,
                    208
                ]
            },
            "3d": {
                "center": [
                    23.61,
                    8.08,
                    1.16
                ],
                "dimensions": [
                    4.35,
                    1.8,
                    1.78
                ],
                "rotation": [
                    0.15438009929114344,
                    0.0,
                    0.0,
                    -0.9880115307742399
                ],
                "type": "Box Wagon",
                "format": "CRS_ISO8855"
            },
            "occlusion": 0.3,
            "truncation": 0.0,
            "instanceId": 26001,
            "label": "car",
            "score": 1.0
        }
    ],
    "ignore": [
        {
            "2d": [
                650,
                406,
                81,
                98
            ],
            "label": "bicycle",
            "instanceId": 33000
        },
        {
            "2d": [
                1839,
                378,
                177,
                73
            ],
            "label": "bicycle",
            "instanceId": 33
        }
    ]
}