{
    "imgWidth": 2048,
    "imgHeight": 1024,
    "sensor": {
        "sensor_T_ISO_8855": [
            [
                0.9990881051503779,
                -0.01948468779721943,
                -0.03799085532693703,
                -1.6501524664770573
            ],
            [
                0.019498764210995674,
                0.9998098810245096,
                0.0,
                -0.1331288872611436
            ],
            [
                0.03798363254444427,
                -0.0007407747301939942,
                0.9992780868764849,
                -1.2836173638418473
            ]
        ],
        "fx": 2262.52,
        "fy": 2265.3017905988554,
        "u0": 1096.98,
        "v0": 513.137,
        "baseline": 0.209313
    },
    "objects": [
        {
            "2d": {
                "modal": [
                    1451,
                    389,
                    349,
                    272
                ],
                "amodal": [
                    1443,
                    430,
                    380,
                    238
                ]
            },
            "3d": {
                "center": [
                    17.34,
                    -3.77,
                    0.43
                ],
                "dimensions": [
                    4.0,
                    1.65,
                    1.35
                ],
                "rotation": [
                    0.9993896244852537,
                    0.029841674457298437,
                    0.010248631078495829,
                    -0.014993948706893
                ],
                "type": "Small Size Car",
                "format": "CRS_ISO8855"
            },
            "occlusion": 0.0,
            "truncation": 0.0,
            "instanceId": 26004,
            "label": "car",
            "score": 1.0
        },
        {
            "2d": {
                "modal": [
                    1342,
                    430,
                    189,
                    158
                ],
                "amodal": [
                    1335,
                    427,
                    264,
                    176
                ]
            },
            "3d": {
                "center": [
                    22.77,
                    -3.66,
                    0.43
                ],
                "dimensions": [
                    4.0,
                    1.65,
                    1.39
                ],
                "rotation": [
                    0.9995000504145074,
                    0.029995250283740584,
                    0.009996583590407893,
                    -4.998333448036563e-05
                ],
                "type": "Small Size Car",
                "format": "CRS_ISO8855"
            },
            "occlusion": 0.3,
            "truncation": 0.0,
            "instanceId": 26003,
            "label": "car",
            "score": 1.0
        },
        {
            "2d": {
                "modal": [
                    1248,
                    410,
                    172,
                    134
                ],
                "amodal": [
                    1247,
                    405,
                    183,
                    150
                ]
            },
            "3d": {
                "center": [
                    31.96,
                    -3.65,
                    0.53
                ],
                "dimensions": [
                    4.35,
                    1.74,
                    1.78
                ],
                "rotation": [
                    0.999626286717059,
                    0.024777205089366382,
                    0.005994035278003351,
                    0.009871603380883309
                ],
                "type": "Box Wagon",
                "format": "CRS_ISO8855"
            },
            "occlusion": 0.4,
            "truncation": 0.0,
            "instanceId": 26001,
            "label": "car",
            "score": 1.0
        },
        {
            "2d": {
                "modal": [
                    1309,
                    427,
                    126,
                    138
                ],
                "amodal": [
                    1304,
                    422,
                    201,
                    156
                ]
            },
            "3d": {
                "center": [
                    26.97,
                    -3.75,
                    0.42
                ],
                "dimensions": [
                    4.0,
                    1.65,
                    1.51
                ],
                "rotation": [
                    0.9993846131043617,
                    0.029942151885285574,
                    0.01044460968253369,
                    -0.014992423396587812
                ],
                "type": "Small Size Car",
                "format": "CRS_ISO8855"
            },
            "occlusion": 0.7,
            "truncation": 0.0,
            "instanceId": 26002,
            "label": "car",
            "score": 1.0
        },
        {
            "2d": {
                "modal": [
                    1230,
                    431,
                    45,
                    101
                ],
                "amodal": [
                    1229,
                    429,
                    119,
                    108
                ]
            },
            "3d": {
                "center": [
                    36.76,
                    -3.56,
                    0.39
                ],
                "dimensions": [
                    4.0,
                    1.65,
                    1.49
                ],
                "rotation": [
                    0.9984381671939548,
                    0.024966155679015,
                    -0.0012493490817474528,
                    -0.04996355159372731
                ],
                "type": "Small Size Car",
                "format": "CRS_ISO8855"
            },
            "occlusion": 0.8,
            "truncation": 0.0,
            "instanceId": 26000,
            "label": "car",
            "score": 1.0
        },
        {
            "2d": {
                "modal": [
                    724,
                    436,
                    71,
                    78
                ],
                "amodal": [
                    703,
                    425,
                    103,
                    91
                ]
            },
            "3d": {
                "center": [
                    30.89,
                    3.91,
                    0.64
                ],
                "dimensions": [
                    1.8,
                    0.44,
                    1.08
                ],
                "rotation": [
                    0.16990136642229225,
                    0.031564746743462574,
                    0.056034285747481705,
                    0.983360234741892
                ],
                "type": "Bicycle",
                "format": "CRS_ISO8855"
            },
            "occlusion": 0.1,
            "truncation": 0.0,
            "instanceId": 33000,
            "label": "bicycle",
            "score": 1.0
        },
        {
            "2d": {
                "modal": [
                    987,
                    451,
                    33,
                    47
                ],
                "amodal": [
                    979,
                    448,
                    47,
                    53
                ]
            },
            "3d": {
                "center": [
                    50.29,
                    1.16,
                    0.19
                ],
                "dimensions": [
                    1.8,
                    0.42,
                    1.02
                ],