{
    "imgWidth": 2048,
    "imgHeight": 1024,
    "sensor": {
        "sensor_T_ISO_8855": [
            [
                0.9990881051503779,
                -0.01948468779721943,
                -0.03799085532693703,
                -1.6501524664770573
            ],
            [
                0.019498764210995674,
                0.9998098810245096,
                0.0,
                -0.1331288872611436
            ],
            [
                0.03798363254444427,
                -0.0007407747301939942,
                0.9992780868764849,
                -1.2836173638418473
            ]
        ],
        "fx": 2262.52,
        "fy": 2265.3017905988554,
        "u0": 1096.98,
        "v0": 513.137,
        "baseline": 0.209313
    },
    "objects": [
        {
            "2d": {
                "modal": [
                    1729,
                    351,
                    313,
                    297
                ],
                "amodal": [
                    1721,
                    377,
                    326,
                    286
                ]
            },
            "3d": {
                "center": [
                    15.58,
                    -5.45,
                    0.73
                ],
                "dimensions": [
                    4.0,
                    1.65,
                    1.51
                ],
                "rotation": [
                    1.0000000000000002,
                    0.0,
                    -1.1188966420050406e-16,
                    -1.2685165418080402e-16
                ],
                "type": "Small Size Car",
                "format": "CRS_ISO8855"
            },
            "occlusion": 0.0,
            "truncation": 0.3,
            "instanceId": 26003,
            "label": "car",
            "score": 1.0
        },
        {
            "2d": {
                "modal": [
                    967,
                    402,
                    127,
                    98
                ],
                "amodal": [
                    973,
                    400,
                    136,
                    103
                ]
            },
            "3d": {
                "center": [
                    41.73,
                    0.37,
                    0.81
                ],
                "dimensions": [
                    4.7,
                    1.9,
                    1.7
                ],
                "rotation": [
                    0.9984754001650853,
                    0.00499691699206925,
                    0.0001749635440047026,
                    0.05497158787506146
                ],
                "type": "SUV",
                "format": "CRS_ISO8855"
            },
            "occlusion": 0.0,
            "truncation": 0.0,
            "instanceId": 26004,
            "label": "car",
            "score": 1.0
        },
        {
            "2d": {
                "modal": [
                    73,
                    415,
                    168,
                    115
                ],
                "amodal": [
                    67,
                    413,
                    174,
                    118
                ]
            },
            "3d": {
                "center": [
                    32.04,
                    11.96,
                    0.65
                ],
                "dimensions": [
                    4.0,
                    1.65,
                    1.45
                ],
                "rotation": [
                    0.1247735986300891,
                    -0.0004306324102852996,
                    0.00503305265884002,
                    -0.9921723801948721
                ],
                "type": "Small Size Car",
                "format": "CRS_ISO8855"
            },
            "occlusion": 0.0,
            "truncation": 0.0,
            "instanceId": 26009,
            "label": "car",
            "score": 1.0
        },
        {
            "2d": {
                "modal": [
                    315,
                    398,
                    173,
                    132
                ],
                "amodal": [
                    315,
                    398,
                    167,
                    135
                ]
            },
            "3d": {
                "center": [
                    31.04,
                    8.45,
                    0.76
                ],
                "dimensions": [
                    4.3,
                    1.8,
                    1.57
                ],
                "rotation": [
                    0.11474095110705519,
                    0.0011474477595841955,
                    -0.009933782278172432,
                    -0.9933451149889132
                ],
                "type": "Mid Size Car",
                "format": "CRS_ISO8855"
            },
            "occlusion": 0.0,
            "truncation": 0.0,
            "instanceId": 26007,
            "label": "car",
            "score": 1.0
        },
        {
            "2d": {
                "modal": [
                    523,
                    412,
                    81,
                    51
                ],
                "amodal": [
                    521,
                    409,
                    96,
                    56
                ]
            },
            "3d": {
                "center": [
                    65.4,
                    13.67,
                    0.93
                ],
                "dimensions": [
                    4.3,
                    1.8,
                    1.45
                ],
                "rotation": [
                    0.9799263406894623,
                    0.014781480827139643,
                    0.002537352399539672,
                    0.19879496092787954
                ],
                "type": "Mid Size Car",
                "format": "CRS_ISO8855"
            },
            "occlusion": 0.0,
            "truncation": 0.0,
            "instanceId": 26010,
            "label": "car",
            "score": 1.0
        },
        {
            "2d": {
                "modal": [
                    193,
                    397,
                    110,
                    97
                ],
                "amodal": [
                    186,
                    395,
                    105,
                    101
                ]
            },
            "3d": {
                "center": [
                    42.58,
                    14.64,
                    0.9
                ],
                "dimensions": [
                    4.0,
                    1.65,
                    1.71
                ],
                "rotation": [
                    0.159318206614246,
                    0.0,
                    0.0,
                    -0.987227283375627
                ],
                "type": "Small Size Car",
                "format": "CRS_ISO8855"
            },
            "occlusion": 0.4,
            "truncation": 0.0,
            "instanceId": 26008,
            "label": "car",
            "score": 1.0
        },
        {
            "2d": {
                "modal": [
                    302,
                    406,
                    46,
                    54
                ],
                "amodal": [
                    301,
                    405,
                    78,
                    57
                ]
            },
            "3d": {
                "center": [
                    65.13,
                    19.95,
                    1.05
                ],
                "dimensions": [
                    4.0,
                    1.65,
                    1.53
                ],
                "rotation": [
                    0.20368953102010617,
                    0.003306551389040908,
                    0.006189033460509363,
                    -0.9790103868374156
                ],