{
    "imgWidth": 2048,
    "imgHeight": 1024,
    "sensor": {
        "sensor_T_ISO_8855": [
            [
                0.9990881051503779,
                -0.01948468779721943,
                -0.03799085532693703,
                -1.6501524664770573
            ],
            [
                0.019498764210995674,
                0.9998098810245096,
                0.0,
                -0.1331288872611436
            ],
            [
                0.03798363254444427,
                -0.0007407747301939942,
                0.9992780868764849,
                -1.2836173638418473
            ]
        ],
        "fx": 2262.52,
        "fy": 2265.3017905988554,
        "u0": 1096.98,
        "v0": 513.137,
        "baseline": 0.209313
    },
    "objects": [
        {
            "2d": {
                "modal": [
                    1068,
                    427,
                    85,
                    63
                ],
                "amodal": [
                    1071,
                    426,
                    87,
                    66
                ]
            },
            "3d": {
                "center": [
                    53.66,
                    -1.28,
                    0.49
                ],
                "dimensions": [
                    4.0,
                    1.65,
                    1.45
                ],
                "rotation": [
                    0.9995242953251267,
                    0.005147641874725228,
                    0.0048476918719253526,
                    0.030019738863844417
                ],
                "type": "Small Size Car",
                "format": "CRS_ISO8855"
            },
            "occlusion": 0.0,
            "truncation": 0.0,
            "instanceId": 16,
            "label": "tunnel",
            "score": 1.0
        },
        {
            "2d": {
                "modal": [
                    756,
                    429,
                    92,
                    37
                ],
                "amodal": [
                    749,
                    426,
                    101,
                    42
                ]
            },
            "3d": {
                "center": [
                    83.95,
                    9.23,
                    0.5
                ],
                "dimensions": [
                    4.0,
                    1.65,
                    1.45
                ],
                "rotation": [
                    0.24293043169723477,
                    -0.0017449729752426401,
                    -0.009846407264926027,
                    0.9699921693955493
                ],
                "type": "Small Size Car",
                "format": "CRS_ISO8855"
            },
            "occlusion": 0.0,
            "truncation": 0.0,
            "instanceId": 26010,
            "label": "car",
            "score": 1.0
        },
        {
            "2d": {
                "modal": [
                    935,
                    419,
                    75,
                    56
                ],
                "amodal": [
                    936,
                    417,
                    68,
                    60
                ]
            },
            "3d": {
                "center": [
                    64.21,
                    2.38,
                    0.68
                ],
                "dimensions": [
                    4.7,
                    1.82,
                    1.6
                ],
                "rotation": [
                    0.9998000066665778,
                    -0.0,
                    -1.1102230246251565e-16,
                    0.019998666693333056
                ],
                "type": "SUV",
                "format": "CRS_ISO8855"
            },
            "occlusion": 0.0,
            "truncation": 0.0,
            "instanceId": 26012,
            "label": "car",
            "score": 1.0
        },
        {
            "2d": {
                "modal": [
                    1048,
                    428,
                    39,
                    49
                ],
                "amodal": [
                    1048,
                    425,
                    71,
                    55
                ]
            },
            "3d": {
                "center": [
                    63.91,
                    -0.72,
                    0.5
                ],
                "dimensions": [
                    4.0,
                    1.65,
                    1.45
                ],
                "rotation": [
                    0.9995280452360472,
                    0.004399220948171222,
                    0.005118432664623418,
                    0.02996890536393614
                ],
                "type": "Small Size Car",
                "format": "CRS_ISO8855"
            },
            "occlusion": 0.5,
            "truncation": 0.0,
            "instanceId": 26014,
            "label": "car",
            "score": 1.0
        },
        {
            "2d": {
                "modal": [
                    1029,
                    424,
                    34,
                    49
                ],
                "amodal": [
                    1031,
                    429,
                    60,
                    45
                ]
            },
            "3d": {
                "center": [
                    73.68,
                    -0.16,
                    0.42
                ],
                "dimensions": [
                    4.0,
                    1.65,
                    1.39
                ],
                "rotation": [
                    0.9995375393995956,
                    -0.0,
                    0.004999979166692736,
                    0.029995125259524368
                ],
                "type": "Small Size Car",
                "format": "CRS_ISO8855"
            },
            "occlusion": 0.6,
            "truncation": 0.0,
            "instanceId": 26013,
            "label": "car",
            "score": 1.0
        },
        {
            "2d": {
                "modal": [
                    741,
                    428,
                    29,
                    25
                ],
                "amodal": [
                    740,
                    427,
                    41,
                    27
                ]
            },
            "3d": {
                "center": [
                    123.69,
                    15.81,
                    0.49
                ],
                "dimensions": [
                    4.0,
                    1.65,
                    1.43
                ],
                "rotation": [
                    0.13459031100734833,
                    0.0,
                    0.0,
                    -0.9909013312045479
                ],
                "type": "Small Size Car",
                "format": "CRS_ISO8855"
            },
            "occlusion": 0.2,
            "truncation": 0.0,
            "instanceId": 26008,
            "label": "car",
            "score": 1.0
        },
        {
            "2d": {
                "modal": [
                    636,
                    423,
                    43,
                    22
                ],
                "amodal": [
                    635,
                    421,
                    54,
                    24
                ]
            },
            "3d": {
                "center": [
                    135.32,
                    23.06,
                    0.83
                ],
                "dimensions": [
                    4.3,
                    1.8,
                    1.33
                ],
                "rotation": [
                    0.24775931025939513,
                    0.006118662291551925,
                    -0.003544052076013271,
                    -0.9687958122568622
                ],