{
    "imgWidth": 2048,
    "imgHeight": 1024,
    "sensor": {
        "sensor_T_ISO_8855": [
            [
                0.9990881051503779,
                -0.01948468779721943,
                -0.03799085532693703,
                -1.6501524664770573
            ],
            [
                0.019498764210995674,
                0.9998098810245096,
                0.0,
                -0.1331288872611436
            ],
            [
                0.03798363254444427,
                -0.0007407747301939942,
                0.9992780868764849,
                -1.2836173638418473
            ]
        ],
        "fx": 2262.52,
        "fy": 2265.3017905988554,
        "u0": 1096.98,
        "v0": 513.137,
        "baseline": 0.209313
    },
    "objects": [
        {
            "2d": {
                "modal": [
                    229,
                    418,
                    148,
                    98
                ],
                "amodal": [
                    222,
                    416,
                    165,
                    104
                ]
            },
            "3d": {
                "center": [
                    37.1,
                    11.79,
                    0.62
                ],
                "dimensions": [
                    4.7,
                    1.81,
                    1.47
                ],
                "rotation": [
                    0.975827914834023,
                    -0.009702218514555338,
                    -0.0019657117215566844,
                    0.21831601765332376
                ],
                "type": "Sedan",
                "format": "CRS_ISO8855"
            },
            "occlusion": 0.0,
            "truncation": 0.0,
            "instanceId": 26001,
            "label": "car",
            "score": 1.0
        },
        {
            "2d": {
                "modal": [
                    371,
                    446,
                    52,
                    24
                ],
                "amodal": [
                    331,
                    443,
                    141,
                    48
                ]
            },
            "3d": {
                "center": [
                    70.44,
                    19.72,
                    0.01
                ],
                "dimensions": [
                    4.0,
                    1.65,
                    1.39
                ],
                "rotation": [
                    0.7928053203315916,
                    0.0,
                    0.0,
                    -0.609474957692211
                ],
                "type": "Small Size Car",
                "format": "CRS_ISO8855"
            },
            "occlusion": 0.8,
            "truncation": 0.0,
            "instanceId": 26000,
            "label": "car",
            "score": 1.0
        }
    ],
    "ignore": [
        {
            "2d": [
                619,
                344,
                244,
                154
            ],
            "label": "fence",
            "instanceId": 13
        }
    ]
}